id,first_name,last_name,date_of_fee_submission,Semester,,,,,
211111,Ethan,Carter,5/1/2004,1,,,,,
211112,Emma,Johnson,12/1/2004,1,,,,,
211113,Olivia,Martinez,14-1-2004,1,,,,,
211114,Liam,Adams,16-1-2004,1,,,,,
211115,Noah,Bailey,18-1-2004,1,,,,,
211116,Sophia,Brooks,20-1-2004,1,,,,,
211117,Isabella,Collins,16-1-2004,1,,,,,
211118,Mason,Perez,19-1-2004,1,,,,,
211119,Logan,Stewart,30-1-2004,1,,,,,
211111,Ethan,Carter,13-2-2004,2,,,,,
211112,Emma,Johnson,15-2-2004,2,,,,,
211113,Olivia,Martinez,18-2-2004,2,,,,,QA
211114,Liam,Adams,20-2-2004,2,,,,,
211115,Noah,Bailey,25-2-2004,2,,,,,
211116,Sophia,Brooks,28-2-2004,2,,,,,
211117,Isabella,Collins,22-2-2004,2,,,,,
211118,Mason,Perez,18-2-2004,2,,,,,
211119,Logan,Stewart,14-2-2004,2,,,,,
211111,Ethan,Carter,14-3-2004,3,,,,,
211112,Emma,Johnson,19-3-2004,3,,,,,
211113,Olivia,Martinez,21-3-2004,3,,,,,
211114,Liam,Adams,23-3-2004,3,,,,,
211115,Noah,Bailey,26-3-2004,3,,,,,
211116,Sophia,Brooks,31-3-2004,3,,,,,
211117,Isabella,Collins,28-3-2004,3,,,,,
211118,Mason,Perez,24-3-2004,3,,,,,
211119,Logan,Stewart,22-3-2004,3,,,,,
211111,Ethan,Carter,24-4-2004,4,,,,,
211112,Emma,Johnson,26-4-2004,4,,,,,
211113,Olivia,Martinez,29-4-2004,4,,,,,
211114,Liam,Adams,30-4-2004,4,,,,,
211115,Noah,Bailey,28-4-2004,4,,,,,
211116,Sophia,Brooks,27-4-2004,4,,,,,
211117,Isabella,Collins,22-4-2004,4,,,,,
211118,Mason,Perez,20-4-2004,4,,,,,
211119,Logan,Stewart,25-4-2004,4,,,,,
